id,created_at,text
1156947511787044864,2019-08-01 15:19:16,another test
1156944105831837706,2019-08-01 15:05:44,testing
1138449641610108929,2019-06-11 14:15:20,test test test
1138449511880282113,2019-06-11 14:14:49,sending test
1138176128768761857,2019-06-10 20:08:30,tweet test 2 1 2
1138175907397550080,2019-06-10 20:07:37,Shall we send another?
1138175771510476805,2019-06-10 20:07:04,tweet tweet tweet
1138175639444500488,2019-06-10 20:06:33,testing tweets now
1138174384651350021,2019-06-10 20:01:34,Factomization in process
1138173698031140864,2019-06-10 19:58:50,sending tweets
1138173229430956033,2019-06-10 19:56:58,testing 12 12
1136693602787188736,2019-06-06 17:57:28,Queue it up!
1136692715377364992,2019-06-06 17:53:56,testing check check
1136662688749301760,2019-06-06 15:54:37,lets send another test!
1136662376244285440,2019-06-06 15:53:23,test test test
1136660775098028032,2019-06-06 15:47:01,sending tweet
1136651044258295809,2019-06-06 15:08:21,can we queue well?
1136649821228544000,2019-06-06 15:03:29,t4
1136647973931225088,2019-06-06 14:56:09,test 4
1136647204188409856,2019-06-06 14:53:06,test 3
1136646968292384769,2019-06-06 14:52:09,mem test
1136646119243558912,2019-06-06 14:48:47,testing
1131589914263478274,2019-05-23 15:57:14,sending tweets
1131588837908652033,2019-05-23 15:52:57,Happy May 23rd Twittersphere
1131585226822619138,2019-05-23 15:38:36,test test test
1128707302444404741,2019-05-15 17:02:45,test7
1128706988928655361,2019-05-15 17:01:31,test6
1128706370847629315,2019-05-15 16:59:03,test5
1128705877375160320,2019-05-15 16:57:06,test4
1128677971693326336,2019-05-15 15:06:12,test3
1128671025523240961,2019-05-15 14:38:36,testing
1128669862228897792,2019-05-15 14:33:59,test2
1128669630166335488,2019-05-15 14:33:04,test
1128386669718179840,2019-05-14 19:48:41,test3
1128386232646557696,2019-05-14 19:46:56,test2
1128385631732883457,2019-05-14 19:44:33,test
1128293366729461761,2019-05-14 13:37:55,Coming together nicely
1126956459240185856,2019-05-10 21:05:32,Today is May 10
1126956314175901696,2019-05-10 21:04:57,Happy Friday Ya'll
1126956043551084545,2019-05-10 21:03:53,Happy Friday!
1126952105657421826,2019-05-10 20:48:14,tweet tweet tweet
1126951864858230785,2019-05-10 20:47:16,Its the Weekend!
1126119095957708801,2019-05-08 13:38:09,whats up
1126115245112680449,2019-05-08 13:22:51,Today is May 8
1126112896902103040,2019-05-08 13:13:31,testing
1126112250798989318,2019-05-08 13:10:57,test
1125423603175051264,2019-05-06 15:34:31,Were We Successful?
1125423447167905793,2019-05-06 15:33:53,FactomTweetFCT
1125423199976660994,2019-05-06 15:32:54,Testing
1125406636997259265,2019-05-06 14:27:05,test test test
1125395275298877441,2019-05-06 13:41:57,init
1125394921316343808,2019-05-06 13:40:32,test
1125382558403964928,2019-05-06 12:51:25,lets test it out
1116331824500891648,2019-04-11 13:27:02,did it work?
1116331458245943296,2019-04-11 13:25:34,test12
1116331425580687361,2019-04-11 13:25:26,test
1116327570285502465,2019-04-11 13:10:07,testing
1115721531164897281,2019-04-09 21:01:56,testing 040919
1115717301582598149,2019-04-09 20:45:08,factom test
1115714886003249152,2019-04-09 20:35:32,test engaged
1115710490267791361,2019-04-09 20:18:04,testing testing check 212
1115710187812413441,2019-04-09 20:16:52,test1212
1115706922345357313,2019-04-09 20:03:53,Did I tweet?
1115703770405646338,2019-04-09 19:51:22,testnet
1115703242590162944,2019-04-09 19:49:16,testing12
1115702703315980288,2019-04-09 19:47:07,040919
1115702583308500994,2019-04-09 19:46:39,testg
1115701763838029824,2019-04-09 19:43:23,testtesttest
1115700876281286657,2019-04-09 19:39:52,testingggg
1115700376244822018,2019-04-09 19:37:53,tweeting
1115700329172164609,2019-04-09 19:37:41,tweet
1115699847951257601,2019-04-09 19:35:47,teeessst
1115699258806685696,2019-04-09 19:33:26,test7
1115698981290561536,2019-04-09 19:32:20,test6
1115698656001372160,2019-04-09 19:31:02,test5
1115698388371156993,2019-04-09 19:29:59,test4
1115697373144145920,2019-04-09 19:25:57,test3
1115697219183816704,2019-04-09 19:25:20,test test
1115692411999723520,2019-04-09 19:06:14,test
1115691728571441152,2019-04-09 19:03:31,hello-world
1115691466242891776,2019-04-09 19:02:28,hello
1114194851376128000,2019-04-05 15:55:27,testing 1212
1114191442245824512,2019-04-05 15:41:55,hello
1114191226281037825,2019-04-05 15:41:03,sending
1114187883349409794,2019-04-05 15:27:46,hoot
1114187510559715328,2019-04-05 15:26:17,chirp chirp
1114186362385784832,2019-04-05 15:21:44,test
1114185834998185984,2019-04-05 15:19:38,test test test
1114184248314011648,2019-04-05 15:13:19,"test, check, test"
1114179945264287747,2019-04-05 14:56:14,testing1212
1114154555531513857,2019-04-05 13:15:20,test15e
1114154173107511296,2019-04-05 13:13:49,testing
1111002656661819393,2019-03-27 20:30:49,sending itğŸ˜¤
1110980230653665280,2019-03-27 19:01:42,ayyyyyye lets gooooo
1110979263015067649,2019-03-27 18:57:51,tweet tweet
1110977993399250950,2019-03-27 18:52:49,test
1110977114822578178,2019-03-27 18:49:19,tweet
1110974253464240134,2019-03-27 18:37:57,tweeting
1110972285610016768,2019-03-27 18:30:08,its lit
1110971444119375872,2019-03-27 18:26:47,test 03
1108796830731681792,2019-03-21 18:25:39,aye
1108791847483293696,2019-03-21 18:05:51,tweet7
1108790496674099200,2019-03-21 18:00:29,tweet tweet
1108788694281003008,2019-03-21 17:53:19,test7
1108788468648431617,2019-03-21 17:52:25,test6
1108787957564170240,2019-03-21 17:50:24,test5
1108784235366752256,2019-03-21 17:35:36,twet tweet
1108784089941843968,2019-03-21 17:35:01,tweettweettweet
1108783110198644736,2019-03-21 17:31:08,test2
1108781827970514946,2019-03-21 17:26:02,test
1108781318555484162,2019-03-21 17:24:01,Chris is live!
1108779138691854336,2019-03-21 17:15:21,ttttt
1108778260375240707,2019-03-21 17:11:52,tweettwet
1108441316646637575,2019-03-20 18:52:58,testing
1108436868671115264,2019-03-20 18:35:17,tweetle
1108434632645726208,2019-03-20 18:26:24,wtetetet
1108434237227704326,2019-03-20 18:24:50,wteet
1108432269218332672,2019-03-20 18:17:01,tttt
1108431991551205383,2019-03-20 18:15:55,testing 1212
1108430627093864449,2019-03-20 18:10:29,test test test
1108426043705253888,2019-03-20 17:52:17,tweet tweet
1107634476782358528,2019-03-18 13:26:52,test test test
1107632064608813056,2019-03-18 13:17:17,Test 011
1107629509707251712,2019-03-18 13:07:08,tweet tweet
1105125619396800512,2019-03-11 15:17:34,t1t2
1104964141897342976,2019-03-11 04:35:55,testtesttest1
1104551428289323009,2019-03-10 01:15:56,testtesttest
1104476806696980480,2019-03-09 20:19:25,test089
1104476401636270080,2019-03-09 20:17:48,test005
1104476018700509184,2019-03-09 20:16:17,t001
1104470467367170049,2019-03-09 19:54:14,test 06
1104136067756761091,2019-03-08 21:45:27,Test 011
1104135936718323712,2019-03-08 21:44:55,Test010
1104125410609192960,2019-03-08 21:03:06,Test009
1104116781755576321,2019-03-08 20:28:48,Test 008
1103756831992803333,2019-03-07 20:38:30,Test007
1103378287454273536,2019-03-06 19:34:18,test006
1103374611318796289,2019-03-06 19:19:41,test005
1103367605300199424,2019-03-06 18:51:51,tweet004
1103323520262701057,2019-03-06 15:56:40,tweet 03
1102653535076921344,2019-03-04 19:34:23,Tweet 4
1102650425872912384,2019-03-04 19:22:02,testtweet
1095075916903051264,2019-02-11 21:43:38,Tweet 2
1095073101501603846,2019-02-11 21:32:27,Tweet 1
1095068641375240192,2019-02-11 21:14:44,Tweetss
1095067068708388864,2019-02-11 21:08:29,Tweeter
1095061064335667200,2019-02-11 20:44:37,Testing
1093965736027017216,2019-02-08 20:12:11,Testing
1088548732239523846,2019-01-24 21:26:56,Test 13
1088546919926939653,2019-01-24 21:19:44,Test 12
1088544691040239616,2019-01-24 21:10:53,Test 11
1088543293959557120,2019-01-24 21:05:20,Test 10
1088542701866438662,2019-01-24 21:02:58,Test 9
1088541402148098050,2019-01-24 20:57:49,Test 8
1088539862976942083,2019-01-24 20:51:42,Test 7
1088536248560615430,2019-01-24 20:37:20,Test 6
1088535505074114561,2019-01-24 20:34:23,Test 5
1088464039427166208,2019-01-24 15:50:24,Test 4
1088463527034212352,2019-01-24 15:48:22,Test 3
1088463267553525760,2019-01-24 15:47:20,Test 2
1088462790136864768,2019-01-24 15:45:26,Test
